{
  "project_info": {
    "project_number": "1068406399171",
    "project_id": "survei-digitalisasi",
    "storage_bucket": "survei-digitalisasi.appspot.com"
  },
  "client": [
    {
      "client_info": {
        "mobilesdk_app_id": "1:1068406399171:android:d3202cd8ed462222674276",
        "android_client_info": {
          "package_name": "com.example.survey_app"
        }
      },
      "oauth_client": [
        {
          "client_id": "1068406399171-a75c60ionv2ojqii8nne9kice8gvgfcn.apps.googleusercontent.com",
          "client_type": 3
        }
      ],
      "api_key": [
        {
          "current_key": "AIzaSyAUskU6khduPD_zIeV4ZaViSNwJez9CUCY"
        }
      ],
      "services": {
        "appinvite_service": {
          "other_platform_oauth_client": [
            {
              "client_id": "1068406399171-a75c60ionv2ojqii8nne9kice8gvgfcn.apps.googleusercontent.com",
              "client_type": 3
            }
          ]
        }
      }
    }
  ],
  "configuration_version": "1"
}